<?xml version="1.0" encoding="UTF-8"?>
<project-private xmlns="http://www.netbeans.org/ns/project-private/1">
    <editor-bookmarks xmlns="http://www.netbeans.org/ns/editor-bookmarks/2" lastBookmarkId="0"/>
    <open-files xmlns="http://www.netbeans.org/ns/projectui-open-files/2">
        <group>
            <file>file:/D:/Documents/Năm%203/LapTrinhWed/WebApplication1/web/thanks.jsp</file>
            <file>file:/D:/Documents/Năm%203/LapTrinhWed/WebApplication1/web/WEB-INF/EmailList.txt</file>
            <file>file:/D:/Documents/Năm%203/LapTrinhWed/WebApplication1/web/index.jsp</file>
            <file>file:/D:/Documents/Năm%203/LapTrinhWed/WebApplication1/src/java/murach/email/EmailListServlet.java</file>
            <file>file:/D:/Documents/Năm%203/LapTrinhWed/WebApplication1/web/META-INF/context.xml</file>
            <file>file:/D:/Documents/Năm%203/LapTrinhWed/WebApplication1/src/java/murach/data/UserDB.java</file>
            <file>file:/D:/Documents/Năm%203/LapTrinhWed/WebApplication1/src/java/murach/business/User.java</file>
            <file>file:/D:/Documents/Năm%203/LapTrinhWed/WebApplication1/web/WEB-INF/web.xml</file>
        </group>
    </open-files>
</project-private>
