<?xml version="1.0" encoding="UTF-8"?>
<project-private xmlns="http://www.netbeans.org/ns/project-private/1">
    <editor-bookmarks xmlns="http://www.netbeans.org/ns/editor-bookmarks/2" lastBookmarkId="0"/>
    <open-files xmlns="http://www.netbeans.org/ns/projectui-open-files/2">
        <group>
            <file>file:/D:/Java/QuanLyKhachSan/web/index.jsp</file>
            <file>file:/D:/Java/QuanLyKhachSan/web/room%20suite.jsp</file>
            <file>file:/D:/Java/QuanLyKhachSan/web/datphong.jsp</file>
            <file>file:/D:/Java/QuanLyKhachSan/web/styles/style.css</file>
            <file>file:/D:/Java/QuanLyKhachSan/web/res%20and%20bar.jsp</file>
            <file>file:/D:/Java/QuanLyKhachSan/web/styles/main.css</file>
        </group>
    </open-files>
</project-private>
